{
   "True": {
      "redshift": {
         "Very High": 2.1011493286827895e-05,
         "Low": 0.25522660895509847,
         "Very Low": 0.31933267497321033,
         "Medium": 0.32143382430189316,
         "High": 0.10398588027651125
      },
      "alpha": {
         "Pisces": 0.11878151260504202,
         "Leo": 0.13588235294117648,
         "Sagittarius": 8.403361344537815e-05,
         "Aries": 0.05033613445378151,
         "Libra": 0.16258403361344537,
         "Capricorn": 0.03050420168067227,
         "Scorpio": 0.06978991596638655,
         "Taurus": 0.0008823529411764706,
         "Cancer": 0.1672689075630252,
         "Aquarius": 0.10258403361344538,
         "Virgo": 0.1392436974789916,
         "Gemini": 0.022058823529411766
      },
      "delta": {
         "Circumpolar North": 0.027777777777777776,
         "Mid-Southern Sky": 0.12296184232644142,
         "Mid-Northern Sky": 0.3510674062867709,
         "Equatorial Region": 0.49819297360900994
      },
      "green_filter": {
         "G_24": 0.02266378205801424,
         "G_26": 0.0011552437564326073,
         "G_25": 0.005146085824108887,
         "G_27": 0.00016803545548110653,
         "G_19": 0.055577726900375976,
         "G_20": 0.08874372492595937,
         "G_16": 0.02577243798441471,
         "G_14": 0.002205465353189523,
         "G_17": 0.08597113991052112,
         "G_15": 0.006700413787309122,
         "G_28": 4.200886387027663e-05,
         "G_11": 2.1004431935138316e-05,
         "G_31": 4.200886387027663e-05,
         "G_23": 0.08941586674788381,
         "G_10": 2.1004431935138316e-05,
         "G_21": 0.21027536810266967,
         "G_22": 0.2709781763952194,
         "G_18": 0.1344283643848852,
         "G_-9999": 2.1004431935138316e-05,
         "G_12": 6.301329580541494e-05,
         "G_13": 0.0005881240941838728
      },
      "near_infrared_filter": {
         "I_23": 0.0009031905732109475,
         "I_25": 4.200886387027663e-05,
         "I_29": 4.200886387027663e-05,
         "I_11": 4.200886387027663e-05,
         "I_30": 4.200886387027663e-05,
         "I_26": 2.1004431935138316e-05,
         "I_22": 0.01308576109559117,
         "I_21": 0.07437669348232477,
         "I_16": 0.12130059442542376,
         "I_27": 6.301329580541494e-05,
         "I_19": 0.3077779411455817,
         "I_14": 0.008611817093406708,
         "I_24": 0.0005461152303135962,
         "I_13": 0.0023314919448003527,
         "I_12": 0.0008191728454703943,
         "I_20": 0.1480182318469197,
         "I_10": 2.1004431935138316e-05,
         "I_17": 0.14484656262471382,
         "I_15": 0.03379613098363755,
         "I_32": 2.1004431935138316e-05,
         "I_18": 0.14329223466151358
      },
      "cosmic_ray_activity": {
         "Medium": 0.4580277783614549,
         "High": 4.202475257926919e-05,
         "Low": 0.5419301968859659
      },
      "red_filter": {
         "R_15": 0.019261873253933245,
         "R_12": 0.00039910097254605416,
         "R_10": 2.1005314344529166e-05,
         "R_21": 0.17510030037599514,
         "R_19": 0.12542273195118364,
         "R_14": 0.005020270128342471,
         "R_26": 4.201062868905833e-05,
         "R_22": 0.06288991114752032,
         "R_25": 4.201062868905833e-05,
         "R_20": 0.27638792614531477,
         "R_17": 0.16959690801772848,
         "R_23": 0.00527233390047682,
         "R_16": 0.07200621757304598,
         "R_13": 0.0015543932614951583,
         "R_11": 4.201062868905833e-05,
         "R_29": 4.201062868905833e-05,
         "R_18": 0.08591173566912429,
         "R_27": 8.402125737811666e-05,
         "R_24": 0.0009032285168147541
      },
      "ultraviolet_filter": {
         "U_26": 0.05037074379818094,
         "U_27": 0.006238578360325162,
         "U_24": 0.1261159073245531,
         "U_-9999": 2.1005314344529166e-05,
         "U_16": 0.0036129140672590166,
         "U_18": 0.04732497321822421,
         "U_23": 0.18438464931627702,
         "U_15": 0.001134286974604575,
         "U_17": 0.013548427752221311,
         "U_13": 4.201062868905833e-05,
         "U_21": 0.08213077908710904,
         "U_22": 0.18959396727372024,
         "U_25": 0.0979477807885395,
         "U_14": 0.00018904782910076249,
         "U_19": 0.10700107127103158,
         "U_28": 0.00016804251475623333,
         "U_29": 4.201062868905833e-05,
         "U_12": 2.1005314344529166e-05,
         "U_20": 0.09011279853803013
      },
      "infrared_filter": {
         "Z_-9999": 2.1004431935138316e-05,
         "Z_26": 6.301329580541494e-05,
         "Z_21": 0.04711294083051524,
         "Z_27": 6.301329580541494e-05,
         "Z_14": 0.013148774391396586,
         "Z_12": 0.0012602659161082988,
         "Z_15": 0.05309920393202966,
         "Z_23": 0.0017853767144867566,
         "Z_25": 8.401772774055326e-05,
         "Z_17": 0.12443025478375937,
         "Z_10": 4.200886387027663e-05,
         "Z_28": 4.200886387027663e-05,
         "Z_11": 0.00021004431935138314,
         "Z_16": 0.1609569619189649,
         "Z_18": 0.21426621017034594,
         "Z_24": 0.00023104875128652147,
         "Z_13": 0.003276691381881577,
         "Z_20": 0.05309920393202966,
         "Z_29": 4.200886387027663e-05,
         "Z_22": 0.013547858598164212,
         "Z_19": 0.31321808901678255
      }
   },
   "False": {
      "redshift": {
         "Very High": 0.030662923774562728,
         "Low": 0.015948422124194096,
         "Very Low": 0.5399327513341765,
         "Medium": 0.03103309991671037,
         "High": 0.3824228028503563
      },
      "alpha": {
         "Pisces": 0.11750555144337528,
         "Leo": 0.10809893905748828,
         "Sagittarius": 0.004934616333580064,
         "Aries": 0.06726498889711324,
         "Libra": 0.13095238095238096,
         "Capricorn": 0.0382432765852455,
         "Scorpio": 0.08962496915864791,
         "Taurus": 0.00919072292129287,
         "Cancer": 0.14298050826548236,
         "Aquarius": 0.11112139156180607,
         "Virgo": 0.1266345916604984,
         "Gemini": 0.05344806316308907
      },
      "delta": {
         "Circumpolar North": 0.02193361303060217,
         "Mid-Southern Sky": 0.11765794669299112,
         "Mid-Northern Sky": 0.42216806515301086,
         "Equatorial Region": 0.43824037512339586
      },
      "green_filter": {
         "G_24": 0.009373169302870533,
         "G_26": 0.0005241574939105232,
         "G_25": 0.0037307680448925478,
         "G_27": 0.00015416396879721272,
         "G_19": 0.13982671969907193,
         "G_20": 0.21114297166466253,
         "G_16": 0.04446088860111615,
         "G_14": 0.00181913483180711,
         "G_17": 0.0739987050226621,
         "G_15": 0.015478062467240157,
         "G_28": 6.166558751888509e-05,
         "G_11": 0.00015416396879721272,
         "G_31": 3.0832793759442546e-05,
         "G_23": 0.025992045139210065,
         "G_10": 9.249838127832763e-05,
         "G_21": 0.27102025714549993,
         "G_22": 0.08808929177072734,
         "G_18": 0.11374217617858354,
         "G_-9999": 6.166558751888509e-05,
         "G_12": 0.00012333117503777018,
         "G_13": 0.00012333117503777018
      },
      "near_infrared_filter": {
         "I_23": 0.0008324854315049486,
         "I_25": 0.00018499676255665526,
         "I_29": 6.166558751888509e-05,
         "I_11": 0.00015416396879721272,
         "I_30": 3.0832793759442546e-05,
         "I_26": 6.166558751888509e-05,
         "I_22": 0.01658804304258009,
         "I_21": 0.18687756297598127,
         "I_16": 0.07535534794807758,
         "I_27": 3.0832793759442546e-05,
         "I_19": 0.17920019732988007,
         "I_14": 0.010082323559337712,
         "I_24": 0.0007708198439860636,
         "I_13": 0.0006166558751888509,
         "I_12": 0.00012333117503777018,
         "I_20": 0.2563746801097647,